,speed,x,y,heading,time
0,0.0,76.52527002967358,393.2519643916914,87.20729763428922,0.0
1,0.0598,76.52664380407138,393.25203140507665,85.29442283868207,0.115
2,0.1196,76.52939135286698,393.2521654318472,85.29632008697227,0.23
3,0.1794,76.53351267606027,393.25236647200296,85.2991659601127,0.34500000000000003
4,0.2392,76.53900777365148,393.25263452554395,85.30296045892794,0.46
5,0.299,76.54587664564048,393.25296959247027,85.30770358448054,0.5750000000000001
6,0.3588,76.55411929202717,393.2533716727818,85.31339533803994,0.6900000000000001
7,0.4186,76.56373571281166,393.2538407664786,85.32003572104303,0.805
8,0.47840000000000005,76.57472590799406,393.25437687356066,85.32762473505156,0.92
9,0.5382,76.58708987757416,393.254979994028,85.33616238168852,1.0350000000000001
10,0.598,76.60082762155206,393.2556501278806,85.34564866258644,1.1500000000000001
11,0.6577999999999999,76.61593913992775,393.2563872751184,85.35608357930818,1.2650000000000001
12,0.7175999999999999,76.63242443270124,393.2571914357415,85.36746713327481,1.3800000000000001
13,0.7773999999999999,76.65028349987264,393.25806260974986,85.3797993256771,1.495
14,0.8371999999999998,76.66951634144164,393.25900079714347,85.39308015738145,1.61
15,0.8969999999999998,76.69012295740852,393.26000599792235,85.40730962883137,1.725
16,0.9567999999999998,76.71210334777322,393.2610782120865,85.42248773993522,1.84
17,1.0165999999999997,76.73545751253572,393.2622174396359,85.43861448994997,1.955
18,1.0763999999999998,76.7601854516959,393.2634236805705,85.45568987735852,2.0700000000000003
19,1.1361999999999999,76.78628716525401,393.2646969348904,85.47371389973317,2.1850000000000005
20,1.196,76.81376265320979,393.2660372025956,85.49268655359789,2.3000000000000007
21,1.2558,76.8426119155635,393.267444483686,85.51260783428218,2.415000000000001
22,1.3156,76.87283495231488,393.26891877816166,85.53347773575753,2.530000000000001
23,1.3754000000000002,76.90443176346406,393.27046008602264,85.55529625048247,2.6450000000000014
24,1.4352000000000003,76.93740234901105,393.2720684072688,85.58022065415524,2.7600000000000016
25,1.4950000000000003,76.97174670895596,393.27374374190026,85.6063994117487,2.8750000000000018
26,1.5548000000000004,77.00746484329855,393.27548608991697,85.63362517819935,2.990000000000002
27,1.4513000000000005,77.04080529118336,393.2771124532284,85.6590384376945,3.105000000000002
28,1.3478000000000006,77.07176805261061,393.27862283183464,85.68263921037756,3.2200000000000024
29,1.2443000000000006,77.10035352658672,393.2800038426803,85.70457949499642,3.3350000000000026
30,1.1408000000000007,77.12659052741218,393.28028902747184,85.7358345840844,3.450000000000003
31,1.0373000000000008,77.15044715517882,393.2805483386432,85.76425435934961,3.565000000000003
32,0.9338000000000007,77.17192340988666,393.2807817761944,85.78983871493753,3.6800000000000033
33,0.8303000000000007,77.19101929153578,393.28098934012536,85.81258756151799,3.7950000000000035
34,0.7268000000000007,77.20773480012609,393.28117103043616,85.83250082441143,3.9100000000000037
35,0.6233000000000006,77.22206993565769,393.2813268471267,85.84957844191416,4.025000000000004
36,0.5198000000000006,77.2340246981306,393.28145679019707,85.86382036383634,4.140000000000004
37,0.4163000000000006,77.24359908754468,393.2815608596472,85.87522655025002,4.255000000000004
38,0.31280000000000063,77.25079310390007,393.28163905547717,85.88379697043723,4.3700000000000045
39,0.20930000000000065,77.25560674719662,393.2816913776869,85.88953160206056,4.485000000000005
40,0.15364259481430054,77.25914033843699,393.2817297862873,85.89374127703907,4.600000000000005
41,0.1866833120584488,77.26343382565005,393.2817764546266,85.89885624620769,4.715000000000005
42,0.1866833120584488,77.267727312863,393.2818231229659,85.90397122292318,4.830000000000005
43,0.2011647522449493,77.27235385543896,393.28187341147213,85.9094829881266,4.945000000000006
44,0.2011647522449493,77.27698039801493,393.2819236999784,85.91499476189735,5.060000000000006
45,0.20302976667881006,77.28164983363553,393.2819744547134,85.92055764434488,5.175000000000006
46,0.20302976667881006,77.28631926925611,393.2820252094484,85.92612053531062,5.290000000000006
47,0.19662176072597504,77.29084132859902,393.28207436226734,85.9315078588675,5.4050000000000065
48,0.19662176072597504,77.29536338794192,393.2821235150863,85.93689519021923,5.520000000000007
49,0.18507333099842072,77.29961984756517,393.2821697809518,85.94196610779417,5.635000000000007
50,0.18507333099842072,77.30387630718832,393.28221604681727,85.94703703211233,5.750000000000007
51,0.17065352201461792,77.30780112889065,393.2822587079227,85.95171286618918,5.865000000000007
52,0.17065352201461792,77.31172595059299,393.2823013690282,85.95638870586994,5.9800000000000075
53,0.2304535220146179,77.3170260989515,393.28235897933644,85.9627030509166,6.095000000000008
54,0.2902535220146179,77.32370157396608,393.28243153884745,85.97065590896675,6.210000000000008
55,0.3500535220146179,77.33175237563684,393.28251904756127,85.98024728935663,6.325000000000008
56,0.40985352201461794,77.34117850396377,393.28262150547783,85.99147720292659,6.440000000000008
57,0.46965352201461796,77.351979958947,393.2827389125972,86.00434566178446,6.555000000000009
58,0.5294535220146179,77.36415674058617,393.2828712689194,86.01885267903022,6.670000000000009
59,0.5892535220146179,77.37770884888164,393.2830185744443,86.03499826844359,6.785000000000009
60,0.6490535220146179,77.39263628383328,393.28318082917207,86.05278244412311,6.900000000000009
61,0.7088535220146178,77.4089390454411,393.2833580331026,86.07220522009325,7.0150000000000095
62,0.7686535220146178,77.426617133705,393.2835501862359,86.0932666098669,7.13000000000001
63,0.8284535220146177,77.44567054862517,393.283757288572,86.11596662597026,7.24500000000001
64,0.8882535220146177,77.46609929020141,393.2839793401109,86.14030527942285,7.36000000000001
65,0.9480535220146177,77.48790335843383,393.28421634085254,86.16628257918384,7.47500000000001
66,1.0078535220146176,77.51108275332254,393.28446829079695,86.19389853155322,7.5900000000000105
67,1.0676535220146177,77.53563747486731,393.28473518994423,86.22315313953425,7.705000000000011
68,1.1274535220146178,77.56156752306838,393.2850170382942,86.2540464021575,7.820000000000011
69,1.1872535220146179,77.58887289792538,393.28531383584703,86.28657831375882,7.935000000000011
70,1.247053522014618,77.6175535994387,393.2856255826026,86.32074886322744,8.050000000000011
71,1.306853522014618,77.64760962760818,393.28595227856096,86.35655803320188,8.165000000000012
72,1.366653522014618,77.67904098243383,393.2862939237221,86.39400579923549,8.280000000000012
73,1.4264535220146182,77.71184766391568,393.28665051808605,86.4330921289138,8.395000000000012
74,1.4862535220146182,77.7460296720537,393.28702206165275,86.4738169809428,8.510000000000012
75,1.5460535220146183,77.78158700684777,393.28740855442226,86.51369002648502,8.625000000000012
76,1.6058535220146184,77.81851966829814,393.28780999639457,86.54716770385326,8.740000000000013
77,1.6656535220146185,77.85682765640458,393.28822638756964,86.58189244088244,8.855000000000013
78,1.7254535220146185,77.8965109711673,393.2886577279475,86.61786425370741,8.970000000000013
79,1.7852535220146186,77.93756961258609,393.28910401752813,86.65508315421646,9.085000000000013
80,1.8450535220146187,77.98000358066118,393.28956525631156,86.69354914953429,9.200000000000014
81,1.9048535220146188,78.02381230680926,393.2900778021798,86.73284938935556,9.315000000000014
82,1.9646535220146188,78.06899019018203,393.29099979979964,86.7689168947492,9.430000000000014
83,2.024453522014619,78.11554319511971,393.2919498611249,86.8060822611658,9.545000000000014
84,2.084253522014619,78.16347132162242,393.2929279861556,86.844345459582,9.660000000000014
85,2.144053522014619,78.21277456968981,393.29393417489166,86.88370645528747,9.775000000000015
86,2.203853522014619,78.26345293932224,393.2949684273331,86.92416520747042,9.890000000000015
87,2.2636535220146192,78.31550643051958,393.29603074348,86.96572166877783,10.005000000000015
88,2.3234535220146193,78.36893504328184,393.2971211233323,87.00837578487763,10.120000000000015
89,2.3832535220146194,78.42373877760889,393.29823956689,87.05212749399443,10.235000000000015
90,2.4430535220146194,78.47991763350097,393.2993860741531,87.0969767264455,10.350000000000016
91,2.5028535220146195,78.53747161095798,393.3005606451216,87.14292340415719,10.465000000000016
92,2.5626535220146196,78.5964007099799,393.3017632797955,87.18996744017245,10.580000000000016
93,2.6224535220146197,78.65670493056662,393.3029939781748,87.23808807842627,10.695000000000016
94,2.6822535220146198,78.71838427271825,393.3042527402596,87.2839296840187,10.810000000000016
95,2.74205352201462,78.78143873643481,393.3055395660497,87.33079288089537,10.925000000000017
96,2.80185352201462,78.84586832171638,393.30685445554525,87.37867757565648,11.040000000000017
97,2.86165352201462,78.91167302856276,393.3081974087462,87.42758366581309,11.155000000000017
98,2.92145352201462,78.97885285697406,393.3095684256525,87.47751103932566,11.270000000000017
99,2.98125352201462,79.04741666686157,393.31030972882155,87.53593121697901,11.385000000000018
100,3.04105352201462,79.11735980743651,393.3107666020676,87.59892242914664,11.500000000000018
101,3.1008535220146203,79.18867832656885,393.31123245937783,87.6631517062908,11.615000000000018
102,3.1606535220146204,79.26137222425879,393.3117073007523,87.72861884670634,11.730000000000018
103,3.2204535220146204,79.33544150050626,393.31219112619095,87.79532362879182,11.845000000000018
104,3.2802535220146205,79.41088615531122,393.3126839356938,87.86326581013724,11.960000000000019
105,3.3400535220146206,79.48770618867358,393.3131857292609,87.93244512659832,12.075000000000019
106,3.3998535220146207,79.56590160059356,393.31369650689226,88.00286129134847,12.190000000000019
107,3.4596535220146207,79.64547239107092,393.31421626858776,88.05694459114525,12.30500000000002
108,3.519453522014621,79.7264185601058,393.31474501434747,88.10434500244602,12.42000000000002
109,3.579253522014621,79.80874010769818,393.31528274417144,88.15255086968912,12.53500000000002
110,3.639053522014621,79.89243703384807,393.31582945805957,88.20156212607,12.65000000000002
111,3.698853522014621,79.97750933855546,393.31638515601196,88.25137869782137,12.76500000000002
112,3.758653522014621,80.06395702182036,393.3169498380285,88.30200050392772,12.88000000000002
113,3.818453522014621,80.15178008364276,393.3175235041093,88.35342745582633,12.99500000000002
114,3.8782535220146213,80.24097852402255,393.3181061542543,88.4056594571117,13.11000000000002
115,3.9380535220146213,80.33155234295997,393.3186977884635,88.4586964032279,13.225000000000021
116,3.9978535220146214,80.4235015404549,393.31929840673695,88.51253818116693,13.340000000000021
117,4.057653522014621,80.5168261165072,393.3199080090746,88.56668764665797,13.455000000000021
118,4.117453522014621,80.61152607111714,393.3205265954764,88.62142248473742,13.570000000000022
119,4.177253522014621,80.70760140428446,393.32115416594246,88.67695142067728,13.685000000000022
120,4.237053522014621,80.80505211600929,393.32179072047273,88.7332743113527,13.800000000000022
121,4.296853522014621,80.90387820629162,393.3224362590672,88.79039100397462,13.915000000000022
122,4.356653522014621,81.00407967513158,393.3230907817259,88.8483013357677,14.030000000000022
123,4.4164535220146215,81.10565652252893,393.3237542884488,88.90700513364656,14.145000000000023
124,4.476253522014622,81.20860874848378,393.3244267792359,88.9665022138814,14.260000000000023
125,4.536053522014622,81.31293635299615,393.32510825408724,89.02679238176562,14.375000000000023
126,4.595853522014622,81.41863933606601,393.3257987130028,89.07841940089578,14.490000000000023
127,4.655653522014622,81.52571769769338,393.32649815598256,89.12976077123561,14.605000000000024
128,4.715453522014622,81.63417143787814,393.3272065830265,89.1817604329111,14.720000000000024
129,4.775253522014622,81.74400055662052,393.3279239941347,89.23441825394906,14.835000000000024
130,4.835053522014622,81.85520505392041,393.3286503893071,89.28773409518512,14.950000000000024
131,4.894853522014622,81.9677849297778,393.32938576854366,89.34170781005342,15.065000000000024
132,4.954653522014622,82.08174018419258,393.3301301318445,89.39633924437976,15.180000000000025
133,5.014453522014622,82.19707081716489,393.3308834792095,89.42858139671758,15.295000000000025
134,5.074253522014622,82.31377682869467,393.33164581063875,89.43433152418308,15.410000000000025
135,5.134053522014622,82.4318582187821,393.3324171261322,89.44014941818942,15.525000000000025
136,5.1938535220146225,82.5513149874269,393.33319742568983,89.44603507866354,15.640000000000025
137,5.2536535220146225,82.67214713462921,393.3339867093117,89.45198850552185,15.755000000000026
138,5.313453522014623,82.79435466038903,393.3347849769978,89.4580096986757,15.870000000000026
139,5.373253522014623,82.91793756470636,393.33559222874806,89.46409865802683,15.985000000000026
140,5.433053522014623,83.04289584758119,393.33640846456257,89.4702553834675,16.100000000000026
141,5.492853522014623,83.16922950901353,393.3372336844413,89.48793087715357,16.215000000000025
142,5.552653522014623,83.29693854900337,393.3380678883842,89.50805761421987,16.330000000000023
143,5.612453522014623,83.42602296755072,393.33891107639135,89.52840103853131,16.44500000000002
144,5.672253522014623,83.55648276465546,393.3397632484627,89.54896114262274,16.56000000000002
145,5.732053522014623,83.6883179403177,393.34062440459826,89.56973791866882,16.67500000000002
146,5.791853522014623,83.82152849453757,393.341494544798,89.59073135848209,16.790000000000017
147,5.851653522014623,83.95611442731494,393.34237366906206,89.61194145349656,16.905000000000015
148,5.911453522014623,84.09207573864971,393.34326177739024,89.6257454803984,17.020000000000014
149,5.9712535220146234,84.22941242854198,393.34415886978263,89.6257454803984,17.135000000000012
150,6.0310535220146235,84.36812449699175,393.34506494623923,89.6257454803984,17.25000000000001
151,6.090853522014624,84.50821194399914,393.3459800067601,89.6257454803984,17.36500000000001
152,6.150653522014624,84.64967476956393,393.3469040513451,89.6257454803984,17.480000000000008
153,6.210453522014624,84.79251297368623,393.3478370799944,89.62574548039774,17.595000000000006
154,6.270253522014624,84.93672655636603,393.34877909270784,89.6257454803984,17.710000000000004
155,6.330053522014624,85.08231551760333,393.34973008948555,89.6257454803984,17.825000000000003
156,6.389853522014624,85.22927985739803,393.3506900703274,89.6257454803984,17.94
157,6.449653522014624,85.37761957575034,393.3516590352335,89.6257454803984,18.055
158,6.509453522014624,85.52733467266016,393.35263698420385,89.62574548039774,18.169999999999998
159,6.569253522014624,85.67842514812737,393.35362391723834,89.6257454803984,18.284999999999997
160,6.629053522014624,85.8308910021521,393.3546198343371,89.6257454803984,18.399999999999995
161,6.688853522014624,85.98473223473432,393.35562473550004,89.6257454803984,18.514999999999993
162,6.748653522014624,86.13994884587416,393.3566386207272,89.6257454803984,18.629999999999992
163,6.8084535220146245,86.29654083557139,393.3576614900186,89.6257454803984,18.74499999999999
164,6.868253522014625,86.45450820382614,393.35869334337417,89.6257454803984,18.85999999999999
165,6.928053522014625,86.61385095063838,393.35973418079396,89.6257454803984,18.974999999999987
166,6.987853522014625,86.77456907600813,393.36078400227797,89.6257454803984,19.089999999999986
167,7.047653522014625,86.93666257993529,393.3618428078262,89.6257454803984,19.204999999999984
168,7.107453522014625,87.10013146242005,393.3629105974386,89.6257454803984,19.319999999999983
169,7.167253522014625,87.26497572346233,393.36398737111523,89.6257454803984,19.43499999999998
170,7.227053522014625,87.4311953630621,393.3650731288561,89.62574548039774,19.54999999999998
171,7.286853522014625,87.59879038121926,393.3661678706612,89.6257454803984,19.664999999999978
172,7.346653522014625,87.76776077793394,393.36727159653043,89.6257454803984,19.779999999999976
173,7.406453522014625,87.93810655320624,393.36838430646395,89.62574548039774,19.894999999999975
174,7.466253522014625,88.10982770703592,393.3695060004616,89.6257454803984,20.009999999999973
175,7.526053522014625,88.28292423942311,393.37063667852357,89.62574548039774,20.12499999999997
176,7.5858535220146255,88.45739615036781,393.37177634064966,89.6257454803984,20.23999999999997
177,7.645653522014626,88.63324343987013,393.37292498684,89.6257454803984,20.35499999999997
178,7.705453522014626,88.81046610792984,393.37408261709453,89.6257454803984,20.469999999999967
179,7.765253522014626,88.98906415454705,393.3752492314133,89.6257454803984,20.584999999999965
180,7.825053522014626,89.16903757972166,393.3764248297963,89.6257454803984,20.699999999999964
181,7.884853522014626,89.35038638345388,393.37760941224343,89.6257454803984,20.814999999999962
182,7.944653522014626,89.53311056574373,393.37880297875483,89.6257454803984,20.92999999999996
183,8.004453522014625,89.71721012659086,393.38000552933045,89.6257454803984,21.04499999999996
184,8.064253522014624,89.90268506599548,393.38121706397027,89.6257454803984,21.159999999999958
185,8.124053522014623,90.08953538395772,393.3824375826743,89.6257454803984,21.274999999999956
186,8.183853522014623,90.27776108047749,393.38366708544254,89.6257454803984,21.389999999999954
187,8.243653522014622,90.46736215555462,393.384905572275,89.6257454803984,21.504999999999953
188,8.303453522014621,90.65833860918929,393.38615304317165,89.6257454803984,21.61999999999995
189,8.36325352201462,90.85069044138156,393.3874094981325,89.6257454803984,21.73499999999995
190,8.42305352201462,91.04441765213122,393.38867493715765,89.62574548039774,21.849999999999948
191,8.482853522014619,91.23952024143838,393.38994936024693,89.6257454803984,21.964999999999947
192,8.542653522014618,91.43599820930307,393.3912327674004,89.6257454803984,22.079999999999945
193,8.602453522014617,91.63385155572524,393.3925251586181,89.6257454803984,22.194999999999943
194,8.662253522014616,91.83308028070505,393.3938265339001,89.6257454803984,22.309999999999942
195,8.722053522014615,92.03368438424212,393.3951368932462,89.6257454803984,22.42499999999994
196,8.781853522014615,92.23566386633682,393.3964562366566,89.62574548039774,22.53999999999994
197,8.841653522014614,92.43901872698903,393.39778456413114,89.6257454803984,22.654999999999937
198,8.901453522014613,92.64374896619874,393.39912187566995,89.6257454803984,22.769999999999936
199,8.961253522014612,92.84985458396584,393.4004681712729,89.6257454803984,22.884999999999934
200,9.021053522014611,93.05733558029044,393.4018234509401,89.6257454803984,22.999999999999932
201,9.08085352201461,93.26619195517267,393.40318771467156,89.6257454803984,23.11499999999993
202,9.14065352201461,93.47642370861242,393.4045609624672,89.62574548039774,23.22999999999993
203,9.200453522014609,93.68803084060954,393.405943194327,89.6257454803984,23.344999999999928
204,9.260253522014608,93.90101335116417,393.40733441025105,89.6257454803984,23.459999999999926
205,9.320053522014607,94.1153712402763,393.4087346102393,89.6257454803984,23.574999999999925
206,9.379853522014606,94.33110450794584,393.4101437942918,89.6257454803984,23.689999999999923
207,9.439653522014606,94.54821315417298,393.4115619624085,89.6257454803984,23.80499999999992
208,9.499453522014605,94.76669717895763,393.4129891145894,89.6257454803984,23.91999999999992
209,9.559253522014604,94.9865565822998,393.4144252508345,89.6257454803984,24.03499999999992
210,9.619053522014603,95.20779136419935,393.4158703711438,89.6257454803984,24.149999999999917
211,9.678853522014602,95.43040152465652,393.4173244755173,89.6257454803984,24.264999999999915
212,9.738653522014602,95.65438706367108,393.4187875639551,89.62574548039774,24.379999999999914
213,9.7984535220146,95.87974798124327,393.42025963645705,89.6257454803984,24.494999999999912
214,9.8582535220146,96.10648427737283,393.4217406930232,89.6257454803984,24.60999999999991
215,9.918053522014599,96.33459595205991,393.4232307336536,89.62574548039774,24.72499999999991
216,9.977853522014598,96.5640830053045,393.4247297583482,89.6257454803984,24.839999999999907
217,10.037653522014597,96.7949454371067,393.42623776710695,89.6257454803984,24.954999999999906
218,10.097453522014597,97.0271832474662,393.42775475993,89.6257454803984,25.069999999999904
219,10.157253522014596,97.26079643638329,393.4292807368172,89.6257454803984,25.184999999999903
220,10.217053522014595,97.4957850038579,393.43081569776865,89.6257454803984,25.2999999999999
221,10.276853522014594,97.73214894989013,393.4323596427843,89.6257454803984,25.4149999999999
222,10.336653522014593,97.96988827447964,393.43391257186414,89.6257454803984,25.529999999999898
223,10.396453522014593,98.20900297762665,393.4354744850082,89.6257454803984,25.644999999999897
224,10.456253522014592,98.44949305933129,393.4370453822165,89.6257454803984,25.759999999999895
225,10.516053522014591,98.69135851959342,393.43862526348903,89.6257454803984,25.874999999999893
226,10.57585352201459,98.93459935841295,393.44021412882574,89.62574548039774,25.989999999999892
227,10.63565352201459,99.1792155757901,393.44181197822667,89.62574548039774,26.10499999999989
228,10.695453522014589,99.42520717172465,393.4434188116918,89.62574548039774,26.21999999999989
229,10.755253522014588,99.6725741462168,393.44503462922114,89.62574548039774,26.334999999999887
230,10.815053522014587,99.92131649926635,393.4466594308147,89.62574548039774,26.449999999999886
231,10.874853522014586,100.17143423087342,393.44829321647245,89.6257454803984,26.564999999999884
232,10.934653522014585,100.42292734103798,393.4499359861944,89.6257454803984,26.679999999999882
233,10.994453522014584,100.67579582976005,393.4515877399806,89.6257454803984,26.79499999999988
234,11.054253522014584,100.93003969703963,393.453248477831,89.6257454803984,26.90999999999988
235,11.114053522014583,101.18565894287659,393.45491819974563,89.62574548039774,27.024999999999878
236,11.173853522014582,101.44265356727118,393.45659690572444,89.6257454803984,27.139999999999876
237,11.233653522014581,101.70102357022327,393.45828459576745,89.6257454803984,27.254999999999875
238,11.29345352201458,101.96076895173287,393.45998126987473,89.6257454803984,27.369999999999873
239,11.35325352201458,102.22188971179986,393.46168692804616,89.6257454803984,27.48499999999987
240,11.413053522014579,102.48438585042447,393.46340157028186,89.6257454803984,27.59999999999987
241,11.472853522014578,102.7482573676066,393.4651251965817,89.6257454803984,27.71499999999987
242,11.532653522014577,103.0135042633461,393.4668578069458,89.6257454803984,27.829999999999867
243,11.592453522014576,103.28012653764311,393.46859940137415,89.6257454803984,27.944999999999865
244,11.652253522014576,103.54812419049763,393.4703499798666,89.6257454803984,28.059999999999864
245,11.712053522014575,103.81749722190978,393.47210954242337,89.6257454803984,28.174999999999862
246,11.771853522014574,104.08824563187919,393.4738780890443,89.6257454803984,28.28999999999986
247,11.831653522014573,104.36036942040623,393.4756556197295,89.6257454803984,28.40499999999986
248,11.891453522014572,104.63386858749077,393.47744213447885,89.6257454803984,28.519999999999857
249,11.951253522014571,104.90874313313293,393.4792376332924,89.6257454803984,28.634999999999856
250,11.8531,105.18136018296347,393.4810183859932,89.6257454803984,28.749999999999854
251,11.7496,105.4515967699062,393.4827835893521,89.6257454803984,28.864999999999853
252,11.6461,105.71945289396089,393.48453324336907,89.6257454803984,28.97999999999985
253,11.5426,105.98492855512754,393.4862673480442,89.6257454803984,29.09499999999985
254,11.4391,106.24802375340626,393.4879859033773,89.6257454803984,29.209999999999848
255,11.3356,106.50873848879695,393.4896889093686,89.62574548039774,29.324999999999847
256,11.232099999999999,106.7670727612997,393.49137636601796,89.6257454803984,29.439999999999845
257,11.128599999999999,107.02302657091454,393.4930482733254,89.6257454803984,29.554999999999843
258,11.0251,107.27659991764133,393.494704631291,89.6257454803984,29.669999999999842
259,10.9216,107.5277928014802,393.49634543991465,89.6257454803984,29.78499999999984
260,10.8181,107.77660522243116,393.4979706991964,89.62574548039774,29.89999999999984
261,10.714599999999999,108.02303718049394,393.49958040913623,89.6257454803984,30.014999999999837
262,10.6111,108.26708867566893,393.50117456973413,89.6257454803984,30.129999999999836
263,10.5076,108.50875970795587,393.50275318099017,89.6257454803984,30.244999999999834
264,10.4041,108.74805027735478,393.50431624290434,89.62574548039774,30.359999999999832
265,10.3006,108.98496038386587,393.5058637554765,89.6257454803984,30.47499999999983
266,10.197099999999999,109.2194900274888,393.50739571870685,89.6257454803984,30.58999999999983
267,10.0936,109.45163920822382,393.50891213259524,89.6257454803984,30.704999999999828
268,9.9901,109.6814079260709,393.51041299714177,89.6257454803984,30.819999999999826
269,9.8866,109.90879618102997,393.5118983123464,89.6257454803984,30.934999999999825
270,9.7831,110.1338039731011,393.51336807820906,89.6257454803984,31.049999999999823
271,9.6796,110.35643130228418,393.51482229472987,89.6257454803984,31.16499999999982
272,9.5761,110.57667816857933,393.51626096190876,89.6257454803984,31.27999999999982
273,9.4726,110.79454457198658,393.5176840797457,89.6257454803984,31.39499999999982
274,9.3691,111.01003051250567,393.5190916482408,89.6257454803984,31.509999999999817
275,9.2656,111.22313599013694,393.520483667394,89.6257454803984,31.624999999999815
276,9.162099999999999,111.43386100488017,393.52186013720524,89.6257454803984,31.739999999999814
277,9.0586,111.64220555673536,393.5232210576746,89.6257454803984,31.854999999999812
278,8.9551,111.84816964570263,393.5245664288021,89.6257454803984,31.96999999999981
279,8.8516,112.05175327178209,393.5258962505876,89.6257454803984,32.08499999999981
280,8.748099999999999,112.2529564349734,393.5272105230313,89.6257454803984,32.19999999999981
281,8.6446,112.45177913527678,393.528509246133,89.6257454803984,32.31499999999981
282,8.5411,112.64822137269212,393.52979241989283,89.6257454803984,32.429999999999815
283,8.4376,112.8144436717019,393.62088666581883,88.59786178202864,32.54499999999982
284,8.4376,112.97521438604569,393.72957094975027,87.35488362146866,32.65999999999982
285,8.4376,113.1359851003895,393.83825523368165,86.09772566038444,32.77499999999982
286,8.4376,113.29675581473332,393.94693951761303,84.82737412797474,32.88999999999982
287,8.4376,113.45752652907711,394.05562380154447,83.54488786157152,33.004999999999825
288,8.4376,113.61829724342093,394.16430808547585,82.2513945761756,33.11999999999983
289,8.4376,113.77906795776474,394.27299236940723,80.94808622333997,33.23499999999983
290,8.4376,113.93983867210854,394.3816766533387,79.63621346318962,33.34999999999983
291,8.4376,114.10060938645235,394.49036093727005,78.31707929477794,33.46499999999983
292,8.4376,114.26138010079616,394.59904522120144,76.99203191146438,33.579999999999835
293,8.4376,114.42215081513996,394.7077295051329,75.66245686868585,33.69499999999984
294,8.4376,114.58292152948377,394.81641378906426,74.32976867055473,33.80999999999984
295,8.4376,114.74369224382758,394.92509807299564,72.99540189829045,33.92499999999984
296,8.4376,114.90446295817138,395.0337823569271,71.66080201691497,34.03999999999984
297,8.4376,115.06523367251519,395.14246664085846,70.32741600616589,34.154999999999845
298,8.4376,115.226004386859,395.25115092478984,68.99668296687055,34.26999999999985
299,8.4376,115.3867751012028,395.3598352087213,67.67002485475332,34.38499999999985
300,8.4376,115.54754581554661,395.46851949265266,66.34883748984784,34.49999999999985
301,8.4376,115.70831652989042,395.57720377658404,65.03448198141162,34.61499999999985
302,8.4376,115.86908724423422,395.6858880605155,63.72827669608896,34.729999999999855
303,8.4376,116.02985795857803,395.79457234444686,62.43148988138231,34.84499999999986
304,8.4376,116.19062867292185,395.90325662837824,61.14533303816542,34.95999999999986
305,8.4376,116.35139938726564,396.0119409123097,59.870955115710025,35.07499999999986
306,8.4376,116.51217010160946,396.12062519624106,58.609437581384235,35.18999999999986
307,8.4376,116.67294081595327,396.22930948017245,57.361790395637186,35.304999999999865
308,8.4376,116.83371153029707,396.3379937641039,56.12894890197501,35.41999999999987
309,8.4376,116.99448224464088,396.44667804803527,55.94050407970779,35.53499999999987
310,8.4376,117.15525295898468,396.55536233196665,55.94050407970779,35.64999999999987
311,8.4376,117.31602367332849,396.6640466158981,55.94050407970726,35.76499999999987
312,8.4376,117.4767943876723,396.77273089982947,55.94050407970779,35.879999999999875
313,8.4376,117.6375651020161,396.88141518376085,55.94050407970779,35.99499999999988
314,8.4376,117.79833581635991,396.9900994676923,55.94050407970726,36.10999999999988
315,8.4376,117.95910653070372,397.09878375162367,55.940504079707885,36.22499999999988
316,8.4376,118.11987724504752,397.20746803555505,55.94050407970779,36.33999999999988
317,8.4376,118.28064795939133,397.3161523194865,55.94050407970726,36.454999999999885
318,8.4376,118.44141867373514,397.4248366034179,55.940504079707885,36.56999999999989
319,8.4376,118.60218938807894,397.53352088734925,55.94050407970779,36.68499999999989
320,8.4376,118.76296010242275,397.6422051712807,55.94050407970726,36.79999999999989
321,8.4376,118.92373081676656,397.7508894552121,55.940504079707885,36.91499999999989
322,8.4376,119.08450153111036,397.85957373914346,55.94050407970779,37.029999999999895
323,8.4376,119.24527224545417,397.9682580230749,55.94050407970726,37.1449999999999
324,8.4376,119.40604295979799,398.0769423070063,55.940504079707885,37.2599999999999
325,8.4376,119.56681367414178,398.18562659093766,55.94050407970779,37.3749999999999
326,8.404895664233713,119.72696123742092,398.293889612032,55.94050407970779,37.4899999999999
327,8.301395664233713,119.88513670331045,398.40081945504403,55.940504079707885,37.604999999999905
328,8.197895664233712,120.04134007181035,398.50641611997384,55.94050407970779,37.71999999999991
329,8.094395664233712,120.19557134292066,398.61067960682135,55.94050407970779,37.83499999999991
330,7.990895664233712,120.34783051664134,398.71360991558663,55.94050407970726,37.94999999999991
331,7.887395664233713,120.49811759297242,398.8152070462696,55.94050407970779,38.06499999999991
332,7.783895664233713,120.58731302712745,398.9669651169736,55.07636884708192,38.179999999999914
333,7.680395664233712,120.66522635441876,399.1254991844737,54.06798534603735,38.294999999999916
334,7.576895664233712,120.74208973197739,399.28189686776864,53.065086250595826,38.40999999999992
335,7.4733956642337125,120.81790315980331,399.43615816685843,52.06851422110088,38.52499999999992
336,7.369895664233712,120.89266663789654,399.58828308174316,51.079090211637286,38.63999999999992
337,7.266395664233712,120.96638016625707,399.7382716124227,50.097610292259574,38.754999999999924
338,7.162895664233712,121.0390437448849,399.8861237588971,49.124842744078386,38.869999999999926
339,7.059395664233712,121.11065737378006,400.0318395211664,48.16152545092261,38.98499999999993
340,6.955895664233712,121.1812210529425,400.1754188992305,47.20836360574374,39.09999999999993
341,6.852395664233712,121.25073478237226,400.31686189308954,46.266027744265756,39.21499999999993
342,6.748895664233712,121.31919856206933,400.45616850274337,45.335152112779355,39.329999999999934
343,6.645395664233712,121.3866123920337,400.5933387281921,44.41633337157805,39.444999999999936
344,6.541895664233712,121.45297627226537,400.7283725694357,43.51012963042662,39.55999999999994
345,6.438395664233712,121.51829020276435,400.8612700264742,42.6170598077886,39.67499999999994
346,6.334895664233712,121.58255418353063,400.9920310993075,41.737603301396454,39.78999999999994
347,6.231395664233714,121.64576821456421,401.1206557879357,40.87219995411587,39.904999999999944
348,6.127895664233714,121.70793229586512,401.2471440923588,40.02125029610843,40.019999999999946
349,6.0243956642337135,121.76904642743331,401.3714960125767,39.18511604188815,40.13499999999995
350,5.920895664233713,121.82911060926882,401.4937115485895,38.36412081912204,40.24999999999995
351,5.817395664233714,121.88812484137163,401.6137907003971,37.55855110485296,40.36499999999995
352,5.713895664233713,121.94608912374174,401.7317334679996,36.76865734420018,40.479999999999954
353,5.610395664233713,122.00300345637916,401.847539851397,35.99465522647989,40.594999999999956
354,5.5068956642337135,122.05886783928389,401.9612098505892,35.23672709402293,40.70999999999996
355,5.403395664233715,122.11368227245593,402.07274346557637,34.49502345968593,40.82499999999996
356,5.2998956642337145,122.16744675589527,402.1821406963583,33.76966461010217,40.93999999999996
357,5.196395664233715,122.2201612896019,402.2894015429352,33.06074227302113,41.054999999999964
358,5.092895664233715,122.27182587357586,402.3945260053069,32.36832132858832,41.169999999999966
359,4.989395664233714,122.3224405078171,402.49751408347345,31.692441546064988,41.28499999999997
360,4.885895664233714,122.37200519232567,402.5983657774349,31.033119329232058,41.39999999999997
361,4.782395664233714,122.42051992710154,402.6970810871912,30.39034945548236,41.51499999999997
362,4.678895664233714,122.46798471214471,402.79366001274235,29.764106795403517,41.629999999999974
363,4.575395664233714,122.51439954745518,402.88810255408833,29.15434800139023,41.744999999999976
364,4.471895664233714,122.55976443303297,402.98040871122925,28.561013155515322,41.85999999999998
365,4.368395664233714,122.60407936887805,403.070578484165,27.98402736849246,41.97499999999998
366,4.264895664233714,122.64734435499044,403.1586118728956,27.423302323063815,42.08999999999998
367,4.161395664233714,122.68955939137014,403.2445088774211,26.878737756540197,42.204999999999984
368,4.0578956642337145,122.73072447801714,403.3282694977415,26.35022287849573,42.319999999999986
369,3.9543956642337146,122.77083961493145,403.4098937338567,26.172321596128075,42.43499999999999
370,3.8508956642337155,122.80990480211307,403.48938158576675,26.172321596128214,42.54999999999999
371,3.7473956642337156,122.84792003956198,403.5667330534717,26.172321596128214,42.66499999999999
372,3.6438956642337157,122.8848853272782,403.6419481369715,26.172321596128075,42.779999999999994
373,3.5403956642337158,122.92080066526174,403.7150268362662,26.172321596128214,42.894999999999996
374,3.436895664233716,122.95566605351257,403.7859691513557,26.17232159612851,43.01
375,3.496695664233716,122.99113807938674,403.8581458217638,26.172321596128214,43.125
376,3.556495664233716,123.02721674288425,403.93155684749036,26.172321596128214,43.24
377,3.616295664233716,123.06390204400508,404.00620222853547,26.172321596128075,43.355000000000004
378,3.676095664233716,123.10119398274925,404.0820819648991,26.172321596128075,43.470000000000006
379,3.735895664233716,123.0797321061998,404.15860379437913,25.566912617318696,43.58500000000001
380,3.7956956642337163,123.03967128779084,404.2361683576816,24.75588054196834,43.70000000000001
381,3.8554956642337164,122.99897932369666,404.3149549264597,23.920796124530515,43.81500000000001
382,3.9152956642337164,122.95765621391728,404.3949635007134,23.061259070130994,43.930000000000014
383,3.9750956642337165,122.91570195845267,404.4761940804427,22.1768976843791,44.045000000000016
384,4.034895664233717,122.87311655730286,404.55864666564764,21.267374049361713,44.16000000000002
385,4.094695664233717,122.82990001046784,404.6423212563282,20.332389573342322,44.27500000000002
386,4.154495664233717,122.78605231794761,404.72721785248444,19.37169089593884,44.39000000000002
387,4.214295664233717,122.74157347974216,404.81333645411627,18.38507611986953,44.505000000000024
388,4.274095664233717,122.6964634958515,404.9006770612237,17.372401328176327,44.620000000000026
389,4.333895664233717,122.65072236627563,404.98923967380676,16.333587332176226,44.73500000000003
390,4.393695664233717,122.60487322658572,405.07929116947474,15.273942035020802,44.85000000000003
391,4.453495664233717,122.55855954544982,405.17064966377023,14.190189227855413,44.96500000000003
392,4.513295664233717,122.5116239802164,405.26323488834026,13.080927701708275,45.080000000000034
393,4.573095664233717,122.46406653088546,405.35704684318483,11.946409357296485,45.195000000000036
394,4.632895664233717,122.41588719745702,405.45208552830394,10.7869824269369,45.31000000000004
395,4.692695664233717,122.36708597993106,405.54835094369764,9.603097297016971,45.42500000000004
396,4.7524956642337175,122.31766287830759,405.6458430893658,8.395311752312255,45.54000000000004
397,4.812295664233718,122.26761789258661,405.7445619653086,7.164295478804925,45.655000000000044
398,4.872095664233718,122.21695102276811,405.8445075715259,5.910833657068628,45.770000000000046
399,4.931895664233718,122.1656622688521,405.9456799080178,4.635829478633748,45.88500000000005
400,4.991695664233718,122.11375163083858,406.0480789747842,3.3403054239218397,46.00000000000005
401,5.051495664233718,122.06121910872756,406.1517047718251,2.025403153056425,46.11500000000005
402,5.111295664233718,122.00806470251901,406.2565572991406,0.6923818805295108,46.230000000000054
403,5.171095664233718,121.95428841221295,406.3626365567306,359.3426151315326,46.345000000000056
404,5.230895664233718,121.89989023780937,406.4699425445952,357.9775858114211,46.46000000000006
405,5.290695664233718,121.8448701793083,406.5784752627343,356.5988795596526,46.57500000000006
406,5.350495664233718,121.7892282367097,406.68823471114797,355.2081764044053,46.69000000000006
407,5.410295664233718,121.7329644100136,406.7992208898362,353.8072407823882,46.805000000000064
408,5.470095664233718,121.67607869921997,406.91143379879895,352.3979100381031,46.920000000000066
409,5.5298956642337185,121.61857110432885,407.02487343803625,350.9820815657439,47.03500000000007
410,5.5896956642337186,121.5604416253402,407.1395398075481,349.56169880262036,47.15000000000007
411,5.649495664233719,121.50169026225404,407.25543290733447,348.13873632306417,47.26500000000007
412,5.709295664233719,121.44231701507037,407.37255273739544,346.71518431402177,47.380000000000074
413,5.769095664233719,121.38232188378919,407.4908992977309,345.29303273613,47.495000000000076
414,5.828895664233719,121.3217048684105,407.61047258834094,343.87425548569365,47.61000000000008
415,5.888695664233719,121.2604659689343,407.73127260922547,342.4607948729369,47.72500000000008
416,5.948495664233719,121.19860518536058,407.8532993603846,341.05454672021716,47.84000000000008
417,6.008295664233719,121.13612251768934,407.97655284181826,339.65734636122613,47.955000000000084
418,6.068095664233719,121.0730179659206,408.10103305352646,338.2709557899024,48.070000000000086
419,6.127895664233719,121.00929153005434,408.2267399955092,336.8970521676571,48.18500000000009
420,6.187695664233719,120.94494321009057,408.35367366776654,335.5372178517978,48.30000000000009
421,6.247495664233719,120.8799730060293,408.48183407029836,334.19293205907906,48.41500000000009
422,6.3072956642337195,120.81438091787051,408.6112212031047,333.0311233065383,48.53000000000009
423,6.3670956642337195,120.7481669456142,408.7418350661857,333.04369908748635,48.645000000000095
424,6.42689566423372,120.68133108926038,408.87367565954116,333.05639297358914,48.7600000000001
425,6.48669566423372,120.61387334880905,409.0067429831712,333.06920496338546,48.8750000000001
426,6.54649566423372,120.54579372426021,409.14103703707576,333.08213505534167,48.9900000000001
427,6.60629566423372,120.47709221561385,409.27655782125487,333.0951832478502,49.1050000000001
428,6.66609566423372,120.3719555471092,409.38130608786753,332.57980688850813,49.220000000000105
429,6.72589566423372,120.24269462580985,409.46628166192016,331.7081567131904,49.33500000000011
430,6.78569566423372,120.11228444447444,409.55201275458063,330.8128476383918,49.45000000000011
431,6.84549566423372,119.98072500310295,409.6384993658489,329.9032716311494,49.56500000000011
432,6.90529566423372,119.8480163016954,409.7257414957249,328.97966085299555,49.68000000000011
433,6.96509566423372,119.71415834025176,409.8137391442087,328.04228523803255,49.795000000000115
434,7.02489566423372,119.57915111877205,409.9024923113003,327.09145357761145,49.91000000000012
435,7.08469566423372,119.44299463725626,409.99200099699965,326.1275144114703,50.02500000000012
436,7.1444956642337205,119.3056888957044,410.0822652013068,325.15085669960416,50.14000000000012
437,7.204295664233721,119.16723389411649,410.1732849242218,324.1619102498966,50.25500000000012
438,7.264095664233721,119.02762963249249,410.2650601657445,323.16114587793373,50.370000000000125
439,7.323895664233721,118.88687611083242,410.357590925875,322.14907527740036,50.48500000000013
440,7.383695664233721,118.74497332913627,410.45087720461333,321.1262505821016,50.60000000000013
441,7.443495664233721,118.60192128740405,410.5449190019594,320.0932636039231,50.71500000000013
442,7.503295664233721,118.45771998563576,410.63971631791327,319.05074473497007,50.83000000000013
443,7.563095664233721,118.3123694238314,410.7352691524749,317.9993615065705,50.945000000000135
444,7.622895664233721,118.16586960199096,410.83157750564436,316.9398168028512,51.06000000000014
445,7.682695664233721,118.01822052011444,410.92864137742157,315.87284673198315,51.17500000000014
446,7.742495664233721,117.86942217820186,411.0264607678066,314.799218163893,51.29000000000014
447,7.802295664233721,117.7194745762532,411.12503567679937,313.7197259491119,51.40500000000014
448,7.862095664233721,117.56837771426848,411.22436610439996,312.6351898392994,51.520000000000145
449,7.9218956642337215,117.41613159224767,411.32445205060833,311.54645113569603,51.63500000000015
450,7.981695664233722,117.2627362101908,411.42529351542447,310.45436909715716,51.75000000000015
451,8.041495664233722,117.10819156809785,411.52689049884845,309.35981714430847,51.86500000000015
452,8.10129566423372,116.95249766596882,411.62924300088014,308.2636789006241,51.98000000000015
453,8.16109566423372,116.79565450380373,411.73235102151966,307.16684411470254,52.095000000000155
454,8.22089566423372,116.63766208160256,411.83621456076696,306.0702045105348,52.21000000000016
455,8.280695664233718,116.47852039936532,411.94083361862204,304.9746496141701,52.32500000000016
456,8.340495664233718,116.318229457092,412.0462081950849,303.8810626056633,52.44000000000016
457,8.400295664233717,116.15678925478262,412.1523382901555,303.32074737021406,52.55500000000016
458,8.4376,115.99463212300387,412.2589396915777,303.32074737021406,52.670000000000165
459,8.4376,115.8324749912251,412.36554109299993,303.320747370214,52.78500000000017
460,8.4376,115.67031785944634,412.4721424944221,303.320747370214,52.90000000000017
461,8.4376,115.50816072766759,412.5787438958443,303.32074737021406,53.01500000000017
462,8.4376,115.34600359588883,412.6853452972665,303.32074737021406,53.13000000000017
463,8.4376,115.18384646411008,412.79194669868866,303.32074737021406,53.245000000000175
464,8.4376,115.0216893323313,412.8985481001109,303.320747370214,53.36000000000018
465,8.4376,114.85953220055255,413.0051495015331,303.320747370214,53.47500000000018
466,8.4376,114.6973750687738,413.11175090295524,303.32074737021406,53.59000000000018
467,8.4376,114.53521793699504,413.21835230437745,303.32074737021406,53.70500000000018
468,8.4376,114.37306080521628,413.32495370579966,303.32074737021406,53.820000000000185
469,8.4376,114.21090367343751,413.4315551072218,303.32074737021344,53.93500000000019
470,8.4376,114.04874654165876,413.538156508644,303.320747370214,54.05000000000019
471,8.4376,113.88658940988,413.64475791006623,303.32074737021406,54.16500000000019
472,8.4376,113.72443227810125,413.7513593114884,303.32074737021355,54.28000000000019
473,8.4376,113.56227514632249,413.8579607129106,303.32074737021406,54.395000000000195
474,8.4376,113.40011801454372,413.9645621143328,303.320747370214,54.5100000000002
475,8.4376,113.23796088276497,414.071163515755,303.32074737021406,54.6250000000002
476,8.4376,113.07580375098621,414.17776491717717,303.32074737021406,54.7400000000002
477,8.4376,112.91364661920746,414.2843663185994,303.32074737021406,54.8550000000002
478,8.4376,112.75148948742869,414.3909677200216,303.320747370214,54.970000000000205
479,8.4376,112.58933235564993,414.49756912144375,303.320747370214,55.08500000000021
480,8.4376,112.40497686937506,414.5291201099307,302.4660226144274,55.20000000000021
481,8.497399999999999,112.20953982947591,414.52784652732475,301.2158904865776,55.31500000000021
482,8.557199999999998,112.0127274118158,414.526563981949,299.9422938627985,55.43000000000021
483,8.616999999999997,111.81453961639473,414.5252724738035,298.6459551392525,55.545000000000215
484,8.676799999999997,111.61497644321271,414.52397200288823,297.3277177853173,55.66000000000022
485,8.736599999999996,111.41403789226972,414.52266256920313,295.9885484738319,55.77500000000022
486,8.796399999999995,111.21172396356577,414.52134417274834,294.629537840546,55.89000000000022
487,8.856199999999994,111.00803465710088,414.52001681352374,293.25189972215475,56.00500000000022
488,8.915999999999993,110.80296997287502,414.5186804915294,291.85696874656503,56.120000000000225
489,8.975799999999992,110.59652991088821,414.51733520676527,290.4461961809601,56.23500000000023
490,9.035599999999992,110.38871447114042,414.51598095923134,289.02114398235034,56.35000000000023
491,9.09539999999999,110.17952365363169,414.51461774892766,287.58347704060554,56.46500000000023
492,9.15519999999999,109.968957458362,414.5132455758542,286.13495365400536,56.58000000000023
493,9.21499999999999,109.75701588533134,414.51186444001104,284.6774143301841,56.695000000000235
494,9.274799999999988,109.54369893453973,414.51047434139804,283.2127690586507,56.81000000000024
495,9.334599999999988,109.32900660598716,414.5090752800153,281.74298325226664,56.92500000000024
496,9.394399999999987,109.11293889967364,414.50766725586277,280.27006260151575,57.04000000000024
497,9.454199999999986,108.89549581559915,414.5062502689405,278.7960371245775,57.15500000000024
498,9.513999999999985,108.67667735376371,414.5048243192484,277.32294472586784,57.270000000000245
499,9.573799999999984,108.4564835141673,414.5033894067866,275.85281459410953,57.38500000000025
500,9.633599999999984,108.23491429680993,414.501945531555,274.3876507770502,57.50000000000025
501,9.693399999999983,108.01196970169161,414.50049269355367,272.9294162632903,57.61500000000025
502,9.753199999999982,107.78764972881234,414.4990308927825,271.480017882693,57.73000000000025
503,9.812999999999981,107.5619543781721,414.4975601292416,270.0412923067115,57.845000000000255
504,9.87279999999998,107.3348836497709,414.49608040293094,269.6266323143129,57.96000000000026
505,9.93259999999998,107.10643754360875,414.4945917138505,269.62663231431355,58.07500000000026
506,9.992399999999979,106.87661605968563,414.4930940620003,269.6266323143129,58.19000000000026
507,10.052199999999978,106.64541919800156,414.4915874473803,269.6266323143129,58.30500000000026
508,10.111999999999977,106.41284695855653,414.4900718699906,269.6266323143129,58.420000000000265
509,10.171799999999976,106.17889934135054,414.4885473298311,269.62663231431355,58.53500000000027
510,10.231599999999975,105.9435763463836,414.4870138269018,269.6266323143129,58.65000000000027
511,10.291399999999975,105.7068779736557,414.4854713612027,269.6266323143129,58.76500000000027
512,10.351199999999974,105.46880422316683,414.4839199327339,269.6266323143129,58.88000000000027
513,10.410999999999973,105.229355094917,414.48235954149527,269.6266323143129,58.995000000000275
514,10.470799999999972,104.98853058890622,414.48079018748695,269.6266323143136,59.11000000000028
515,10.530599999999971,104.74633070513448,414.4792118707088,269.6266323143129,59.22500000000028
516,10.59039999999997,104.50275544360179,414.4776245911609,269.62663231431355,59.34000000000028
517,10.65019999999997,104.25780480430812,414.4760283488432,269.6266323143129,59.45500000000028
518,10.709999999999969,104.01147878725351,414.47442314375576,269.6266323143129,59.570000000000285
519,10.769799999999968,103.76377739243793,414.47280897589854,269.6266323143129,59.68500000000029
520,10.829599999999967,103.5147006198614,414.4711858452716,269.6266323143129,59.80000000000029
521,10.889399999999966,103.2642484695239,414.46955375187486,269.6266323143129,59.91500000000029
522,10.949199999999966,103.01242094142546,414.4679126957083,269.6266323143129,60.03000000000029
523,11.008999999999965,102.75921803556605,414.46626267677203,269.6266323143129,60.145000000000294
524,11.068799999999964,102.50463975194569,414.464603695066,269.6266323143129,60.260000000000296
525,11.128599999999963,102.24868609056436,414.46293575059013,269.6266323143129,60.3750000000003
526,11.188399999999962,101.99135705142209,414.4612588433446,269.62663231431355,60.4900000000003
527,11.248199999999962,101.73265263451884,414.4595729733292,269.62663231431355,60.6050000000003
528,11.30799999999996,101.47257283985464,414.45787814054404,269.6266323143129,60.720000000000304
529,11.36779999999996,101.21111766742948,414.45617434498917,269.6266323143129,60.835000000000306
530,11.42759999999996,100.94828711724335,414.4544615866645,269.6266323143129,60.95000000000031
531,11.487399999999958,100.68408118929628,414.45273986557004,269.6266323143129,61.06500000000031
532,11.547199999999957,100.41849988358824,414.45100918170584,269.6266323143129,61.18000000000031
533,11.606999999999957,100.15154320011925,414.44926953507183,269.6266323143129,61.295000000000314
534,11.666799999999956,99.8832111388893,414.44752092566813,269.62663231431355,61.410000000000316
535,11.726599999999955,99.61350369989839,414.44576335349456,269.6266323143129,61.52500000000032
536,11.786399999999954,99.34242088314652,414.4439968185513,269.6266323143129,61.64000000000032
537,11.846199999999953,99.0699626886337,414.44222132083826,269.62663231431355,61.75500000000032
538,11.905999999999953,98.79612911635991,414.4404368603554,269.6266323143129,61.870000000000324
539,11.965799999999952,98.52092016632515,414.4386434371028,269.6266323143129,61.985000000000326
540,12.025599999999951,98.24433583852945,414.4368410510805,269.62663231431355,62.10000000000033
541,12.08539999999995,97.9663761329728,414.4350297022883,269.6266323143129,62.21500000000033
542,12.14519999999995,97.68704104965518,414.4332093907264,269.6266323143129,62.33000000000033
543,12.204999999999949,97.4063305885766,414.43138011639473,269.6266323143129,62.445000000000334
544,12.264799999999948,97.12424474973706,414.4295418792933,269.6266323143129,62.560000000000336
545,12.324599999999947,96.84078353313656,414.4276946794221,269.6266323143129,62.67500000000034
546,12.384399999999946,96.55594693877511,414.4258385167811,269.6266323143129,62.79000000000034
547,12.444199999999945,96.26973496665269,414.42397339137034,269.6266323143129,62.90500000000034
548,12.503999999999944,95.98214761676932,414.42209930318984,269.6266323143129,63.020000000000344
549,12.563799999999944,95.69318488912499,414.4202162522395,269.6266323143129,63.135000000000346
550,12.623599999999943,95.40284678371971,414.41832423851946,269.6266323143129,63.25000000000035
551,12.683399999999942,95.11113330055346,414.41642326202964,269.6266323143129,63.36500000000035
552,12.743199999999941,94.81804443962625,414.41451332277006,269.6266323143129,63.48000000000035
553,12.80299999999994,94.52358020093808,414.4125944207407,269.6266323143129,63.595000000000354
554,12.86279999999994,94.22774058448897,414.4106665559416,269.62663231431355,63.710000000000356
555,12.922599999999939,93.93052559027888,414.40872972837263,269.6266323143129,63.82500000000036
556,12.982399999999938,93.63193521830785,414.406783938034,269.6266323143129,63.94000000000036
557,13.042199999999937,93.33196946857585,414.4048291849255,269.6266323143129,64.05500000000036
558,13.101999999999936,93.03062834108289,414.40286546904736,269.62663231431355,64.17000000000036
559,13.161799999999936,92.72791183582898,414.4008927903993,269.6266323143129,64.28500000000035
560,13.221599999999935,92.4238199528141,414.3989111489816,269.6266323143129,64.40000000000035
561,13.281399999999934,92.11835269203827,414.39692054479406,269.6266323143129,64.51500000000034
562,13.341199999999933,91.81151005350148,414.39492097783676,269.6266323143129,64.63000000000034
563,13.400999999999932,91.50329203720372,414.3929124481097,269.6266323143129,64.74500000000033
564,13.460799999999931,91.19369864314503,414.3908949556129,269.6266323143129,64.86000000000033
565,13.52059999999993,90.88272987132535,414.3888685003463,269.6266323143129,64.97500000000032
566,13.58039999999993,90.57038572174473,414.3868330823099,269.6266323143129,65.09000000000032
567,13.640199999999929,90.25666619440315,414.3847887015038,269.6266323143129,65.20500000000031
568,13.699999999999928,89.94157128930061,414.3827353579279,269.6266323143129,65.3200000000003
569,13.759799999999927,89.6251010064371,414.3806730515822,269.6266323143129,65.4350000000003
570,13.819599999999927,89.30725534581265,414.3786017824668,269.6266323143129,65.5500000000003
571,13.879399999999926,88.98803430742723,414.3765215505816,269.6266323143129,65.66500000000029
572,13.939199999999925,88.66743789128085,414.3744323559266,269.62663231431355,65.78000000000029
573,13.998999999999924,88.34546609737352,414.37233419850185,269.6266323143129,65.89500000000028
574,14.058799999999923,88.02211892570523,414.3702270783073,269.6266323143129,66.01000000000028
575,14.118599999999923,87.69739637627598,414.36811099534305,269.62663231431355,66.12500000000027
576,14.178399999999922,87.37129844908576,414.36598594960896,269.6266323143129,66.24000000000026
577,14.238199999999921,87.04382514413459,414.3638519411051,269.6266323143129,66.35500000000026
578,14.29799999999992,86.71497646142245,414.36170896983157,269.62663231431355,66.47000000000025
579,14.35779999999992,86.38475240094937,414.35955703578816,269.6266323143129,66.58500000000025
580,14.417599999999918,86.05315296271533,414.35739613897505,269.6266323143129,66.70000000000024
581,14.477399999999918,85.72017814672033,414.3552262793921,269.6266323143129,66.81500000000024
582,14.537199999999917,85.38582795296436,414.35304745703945,269.6266323143129,66.93000000000023
583,14.596999999999916,85.05010238144745,414.350859671917,269.6266323143129,67.04500000000023
584,14.656799999999915,84.71300143216956,414.3486629240248,269.6266323143129,67.16000000000022
585,14.716599999999914,84.37452510513073,414.34645721336284,269.62663231431355,67.27500000000022
586,14.723400000000002,84.03589238062075,414.344250483523,269.6266323143129,67.39000000000021
587,14.723400000000002,83.69725965611076,414.3420437536832,269.6266323143129,67.50500000000021
588,14.723400000000002,83.35862693160078,414.33983702384336,269.6266323143129,67.6200000000002
589,14.723400000000002,83.0199942070908,414.33763029400353,269.6266323143129,67.7350000000002
590,14.723400000000002,82.68136148258081,414.33542356416376,269.62663231431355,67.8500000000002
591,14.723400000000002,82.34272875807083,414.33321683432393,269.6266323143129,67.96500000000019
592,14.723400000000002,82.00409603356084,414.3310101044841,269.6266323143129,68.08000000000018
593,14.723400000000002,81.66546330905086,414.3288033746443,269.6266323143129,68.19500000000018
594,14.723400000000002,81.32683058454089,414.32659664480445,269.6266323143129,68.31000000000017
595,14.723400000000002,80.98819786003091,414.3243899149647,269.62663231431355,68.42500000000017
596,14.723400000000002,80.64956513552092,414.32218318512486,269.62663231431355,68.54000000000016
597,14.723400000000002,80.31093241101092,414.31997645528503,269.6266323143129,68.65500000000016
598,14.723400000000002,79.97229968650095,414.3177697254452,269.6266323143129,68.77000000000015
599,14.723400000000002,79.63366696199097,414.3155629956054,269.6266323143129,68.88500000000015
600,14.723400000000002,79.29503423748099,414.31335626576555,269.6266323143129,69.00000000000014
601,14.723400000000002,78.95640151297098,414.3111495359258,269.6266323143136,69.11500000000014
602,14.723400000000002,78.61778945183,414.30720326641085,269.606870656294,69.23000000000013
603,14.723400000000002,78.27919985892751,414.3013655148091,269.5656210170286,69.34500000000013
604,14.723400000000002,77.94061026602502,414.29552776320736,269.5243711225565,69.46000000000012
605,14.723400000000002,77.60202086734975,414.28967894405986,269.48299527642246,69.57500000000012
606,14.723400000000002,77.26343493216591,414.28363276664584,269.4393770386388,69.69000000000011
607,14.723400000000002,76.92484899698206,414.2775865892318,269.3957586413892,69.8050000000001
608,14.723400000000002,76.58626306179822,414.2715404118178,269.3521401352329,69.9200000000001
609,14.723400000000002,76.24784857475099,414.2596659251947,269.2422931902522,70.0350000000001
610,14.723400000000002,75.90949270165741,414.2457988812155,269.10979884882323,70.15000000000009
611,14.723400000000002,75.57113682856384,414.23193183723623,268.9772994813233,70.26500000000009
612,14.723400000000002,75.23282567145351,414.21717760427504,268.8347092849106,70.38000000000008
613,14.723400000000002,74.89479021813352,414.196953260914,268.6299136703915,70.49500000000008
614,14.723400000000002,74.55675476481352,414.17672891755296,268.42510454954265,70.61000000000007
615,14.723400000000002,74.21871931149353,414.1565045741919,268.2202871553975,70.72500000000007
616,14.723400000000002,73.88080894653774,414.13432881685725,267.9932594677301,70.84000000000006
617,14.723400000000002,73.5429578862638,414.11122788965906,267.7798169320778,70.95500000000006
618,14.723400000000002,73.20510682598987,414.0881269624608,267.5834960669423,71.07000000000005
619,14.723400000000002,72.867320192926,414.0641596583601,267.377307579983,71.18500000000004
620,14.723400000000002,72.52976835638364,414.0370349572094,267.1355350451565,71.30000000000004
621,14.723400000000002,72.19221651984127,414.0099102560587,266.8957560789105,71.41500000000003
622,14.723400000000002,71.8546646832989,413.982785554908,266.6559874664007,71.53000000000003
623,14.723400000000002,71.51724034611128,413.9541231065053,266.3987108785044,71.64500000000002
624,14.723400000000002,71.17983060090852,413.92528466674435,266.21503784749376,71.76000000000002
625,14.723400000000002,70.84242085570575,413.8964462269834,266.0446133307458,71.87500000000001
626,14.723400000000002,70.5055132018093,413.8627109814131,265.8182970015551,71.99000000000001
627,14.723400000000002,70.1692718944111,413.82247697881843,265.53551295411665,72.105
628,14.723400000000002,69.83303058701289,413.78224297622376,265.3072740394907,72.22
629,14.723400000000002,69.49678927961469,413.74200897362914,265.0790214471448,72.335
630,14.723400000000002,69.16037731195637,413.7032292482782,264.86739299058263,72.44999999999999
631,14.723400000000002,68.82395637499258,413.66452595464517,264.68230941508864,72.56499999999998
632,14.723400000000002,68.48753543802879,413.6258226610122,264.5042971314979,72.67999999999998
633,14.723400000000002,68.15155883547638,413.5835411780635,264.28533573261257,72.79499999999997
634,14.723400000000002,67.81588950383225,413.5387852671776,264.0527634202731,72.90999999999997
635,14.723400000000002,67.48022017218813,413.4940293562917,263.85130445656625,73.02499999999996
636,14.723400000000002,67.14456487014924,413.44917502493337,263.64871785028674,73.13999999999996
637,14.723400000000002,66.80975976504367,413.3983563929084,263.3777712879018,73.25499999999995
638,14.723400000000002,66.4749546599381,413.3475377608834,263.1262908677037,73.36999999999995
639,14.723400000000002,66.14014955483253,413.29671912885846,262.8748149055314,73.48499999999994
640,14.723400000000002,65.80545850621074,413.245157354412,262.61481365670426,73.59999999999994
641,14.723400000000002,65.47082337995944,413.19323121413163,262.42029209435526,73.71499999999993
642,14.723400000000002,65.13618825370814,413.1413050738513,262.28621091829564,73.82999999999993
643,14.723400000000002,64.8019676957167,413.086985124398,262.1245435246961,73.94499999999992
644,14.723400000000002,64.46935938379343,413.02335570820395,261.85459918250325,74.05999999999992
645,14.723400000000002,64.13675107187017,412.95972629201,261.5680968080179,74.17499999999991
646,14.723400000000002,63.80414275994689,412.89609687581594,261.2815812064778,74.2899999999999
647,14.723400000000002,63.47103770104571,412.83514192811634,261.0259634078932,74.4049999999999
648,14.723400000000002,63.137764418978854,412.7750926881043,260.8290863075241,74.5199999999999
649,14.723400000000002,62.80449113691199,412.7150434480923,260.65320967700745,74.63499999999989
650,14.723400000000002,62.471721527332726,412.65234430546656,260.4467025785221,74.74999999999989
651,14.723400000000002,62.13965777105061,412.5859315542101,260.2057436644783,74.86499999999988
652,14.723400000000002,61.807594014768476,412.5195188029537,260.0258557732543,74.97999999999988
653,14.723400000000002,61.47553025848636,412.45310605169726,259.8459679564936,75.09499999999987
654,14.723400000000002,61.144947284488815,412.37976074647474,259.5855779187055,75.20999999999987
655,14.723400000000002,60.81472837747225,412.30471099488005,259.31526479172186,75.32499999999986
656,14.723400000000002,60.48450947045568,412.22966124328536,259.0477877653384,75.43999999999986
657,14.723400000000002,60.15429056343911,412.15461149169073,258.7803168361555,75.55499999999985
658,14.723400000000002,59.82407165642254,412.07956174009604,258.5547090821513,75.66999999999985
659,14.723400000000002,59.49385274940597,412.00451198850135,258.4221498211766,75.78499999999984
660,14.723400000000002,59.16380343350474,411.92874201320706,258.2811843087297,75.89999999999984
661,14.723400000000002,58.834792351238626,411.84856284189846,258.08876455417493,76.01499999999983
662,14.723400000000002,58.50578126897253,411.7683836705899,257.8610710808285,76.12999999999982
663,14.723400000000002,58.17677018670642,411.68820449928137,257.6272913334859,76.24499999999982
664,14.723400000000002,57.84893045267472,411.60348108800804,257.34023581942864,76.35999999999981
665,14.723400000000002,57.52215685616403,411.51462160123754,257.04307634570046,76.47499999999981
666,14.723400000000002,57.19538325965334,411.4257621144671,256.78105444685576,76.5899999999998
667,14.723400000000002,56.868619225022016,411.3368676766115,256.51861928501603,76.7049999999998
668,14.723400000000002,56.542119946097266,411.24700548975153,256.2447982414467,76.8199999999998
669,14.723400000000002,56.21562066717253,411.15714330289154,256.0620884667296,76.93499999999979
670,14.723400000000002,55.88912138824779,411.0672811160315,255.8885692404347,77.04999999999978
671,14.723400000000002,55.56316277905467,410.975486661933,255.69225941872017,77.16499999999978
672,14.723400000000002,55.2374398653121,410.88284986995114,255.48601431694763,77.27999999999977
673,14.723400000000002,54.91171695156952,410.7902130779693,255.27977372116393,77.39499999999977
674,14.723400000000002,54.586499378230364,410.695849370441,255.05310624339575,77.50999999999976
675,14.723400000000002,54.26222025694827,410.59827866138266,254.80322188333759,77.62499999999976
676,14.723400000000002,53.93794113566616,410.5007079523243,254.59845285121844,77.73999999999975
677,14.723400000000002,53.61366201438406,410.403137243266,254.39368843590964,77.85499999999975
678,14.723400000000002,53.29078298718859,410.3010459074229,254.13518548040446,77.96999999999974
679,14.723400000000002,52.96812180461718,410.1982511943913,253.93237707079706,78.08499999999974
680,14.723400000000002,52.645460622045746,410.0954564813597,253.76731270829754,78.19999999999973
681,14.723400000000002,52.323307654755226,409.9911025515851,253.58362092483398,78.31499999999973
682,14.723400000000002,52.002045623713464,409.8840152079045,253.36893183603786,78.42999999999972
683,14.723400000000002,51.680783592671695,409.7769278642239,253.16438425144239,78.54499999999972
684,14.723400000000002,51.35952156162993,409.66984052054335,252.9598347272204,78.65999999999971
685,14.723400000000002,51.040394155859964,409.5565693413786,252.68099753024651,78.77499999999971
686,14.723400000000002,50.721482755334826,409.4426724126196,252.4208754954858,78.8899999999997
687,14.723400000000002,50.40257135480968,409.3287754838606,252.16722187631643,79.0049999999997
688,14.723400000000002,50.084095654895506,409.21367670321627,251.89905335425652,79.11999999999969
689,14.723400000000002,49.76628406315442,409.09674602323605,251.63536278187016,79.23499999999969
690,14.723400000000002,49.448472471413325,408.97981534325584,251.40344567464078,79.34999999999968
691,14.723400000000002,49.13072698403261,408.8627075074718,251.169385130114,79.46499999999968
692,14.723400000000002,48.814001725673684,408.74286551782245,250.9021893429139,79.57999999999967
693,14.723400000000002,48.49727646731475,408.6230235281731,250.6953013241225,79.69499999999967
694,14.723400000000002,48.18055120895582,408.5031815385238,250.49021455332434,79.80999999999966
695,14.723400000000002,47.865108626256806,408.3800434505027,250.24496679665623,79.92499999999966
696,14.723400000000002,47.55068935893999,408.254275743576,249.99171551680558,80.03999999999965
697,14.723400000000002,47.23627009162319,408.12850803664924,249.7656906398948,80.15499999999965
698,14.723400000000002,46.92185082430638,408.00274032972254,249.53966937736453,80.26999999999964
699,14.723400000000002,46.607431556989575,407.8769726227958,249.31478684724135,80.38499999999964
700,14.723400000000002,46.29301228967277,407.7512049158691,249.17059210529123,80.49999999999963
701,14.723400000000002,45.978593022355945,407.6254372089424,249.02639865274548,80.61499999999963
702,14.723400000000002,45.66620613178232,407.4947183712768,248.82141831302914,80.72999999999962
703,14.723400000000002,45.35410360704595,407.3633067819141,248.62632311693199,80.84499999999962
704,14.723400000000002,45.04200108230958,407.2318951925514,248.44948354362873,80.95999999999961
705,14.723400000000002,44.73073374529619,407.0985736436992,248.24897464817033,81.0749999999996
706,14.723400000000002,44.422349606201365,406.9586586176284,247.97261727364798,81.1899999999996
707,14.723400000000002,44.113965467106546,406.81874359155756,247.72565596302246,81.3049999999996
708,14.723400000000002,43.80558132801173,406.6788285654868,247.4786838606703,81.41999999999959
709,14.723400000000002,43.49862511558708,406.53582358380567,247.1930586362308,81.53499999999958
710,14.723400000000002,43.19221738753809,406.3916317117826,246.940379210255,81.64999999999958
711,14.723400000000002,42.88580965948911,406.2474398397596,246.71210201344329,81.76499999999957
712,14.723400000000002,42.579428218450516,406.10319214138536,246.4831172048335,81.87999999999957
713,14.723400000000002,42.273087278727594,405.95885842940055,246.25305281165285,81.99499999999956
714,14.723400000000002,41.96674633900468,405.8145247174157,246.02299591290196,82.10999999999956
715,14.723400000000002,41.66040539928175,405.67019100543087,245.7929539256781,82.22499999999955
716,14.723400000000002,41.35635322919457,405.52109629508584,245.5029301995348,82.33999999999955
717,14.723400000000002,41.05230409198667,405.3719952758781,245.28092308088898,82.45499999999954
718,14.723400000000002,40.74825495477878,405.2228942566704,245.0601049197344,82.56999999999954
719,14.723400000000002,40.44487672802716,405.0724383640136,244.8221279224526,82.68499999999953
720,14.723400000000002,40.14198798044396,404.920993990222,244.6064483732471,82.79999999999953
721,14.723400000000002,39.839099232860775,404.76954961643037,244.4613518215135,82.91499999999952
722,14.723400000000002,39.536801618402485,404.616960863148,244.30162916404626,83.02999999999952
723,14.723400000000002,39.23800169374846,404.4576009033325,244.05535169929033,83.14499999999951
724,14.723400000000002,38.93920176909443,404.298240943517,243.85338012843513,83.25999999999951
725,14.723400000000002,38.6404018444404,404.13888098370154,243.66059314718913,83.3749999999995
726,14.723400000000002,38.342062922043176,403.9786613795331,243.45672135410226,83.4899999999995
727,14.723400000000002,38.04399414836183,403.81793802117545,243.24724154715088,83.60499999999949
728,14.723400000000002,37.74592537468049,403.65721466281786,243.03865268370905,83.71999999999949
